<?xml version="1.0" encoding="utf-8"?>
<unattend xmlns="urn:schemas-microsoft-com:unattend">
    <settings pass="windowsPE">
        <component name="Microsoft-Windows-Setup" processorArchitecture="%arch%" publicKeyToken="31bf3856ad364e35" language="neutral" versionScope="nonSxS" xmlns:wcm="http://schemas.microsoft.com/WMIConfig/2002/State" xmlns:xsi="http://www.w3.org/2001/XMLSchema-instance">
            <UserData>
                <AcceptEula>true</AcceptEula>
                <ProductKey>
                    <WillShowUI>OnError</WillShowUI>
                    <Key />
                </ProductKey>
            </UserData>
            <DiskConfiguration>
                <WillShowUI>OnError</WillShowUI>
                <Disk>
                    <DiskID>%disk_id%</DiskID>
                    <WillWipeDisk>false</WillWipeDisk>
                    <ModifyPartitions>
                    </ModifyPartitions>
                </Disk>
            </DiskConfiguration>
            <ComplianceCheck>
                <DisplayReport>OnError</DisplayReport>
            </ComplianceCheck>
            <ImageInstall>
                <OSImage>
                    <InstallFrom>
                        <MetaData wcm:action="add">
                            <Key>/IMAGE/NAME</Key>
                            <Value>%image_name%</Value>
                        </MetaData>
                    </InstallFrom>
                    <WillShowUI>OnError</WillShowUI>
                    <InstallTo>
                        <DiskID>%disk_id%</DiskID>
                        <PartitionID>%installto_partitionid%</PartitionID>
                    </InstallTo>
                </OSImage>
            </ImageInstall>
            <!-- 有的机器不起作用 -->
            <!-- <RunSynchronous>
                <RunSynchronousCommand wcm:action="add">
                    <Order>1</Order>
                    <Path>cmd /c for %a in (CPU RAM SecureBoot Storage TPM) do reg add HKLM\SYSTEM\Setup\LabConfig /t REG_DWORD /v Bypass%aCheck /d 1 /f</Path>
                </RunSynchronousCommand>
            </RunSynchronous> -->
        </component>
        <component name="Microsoft-Windows-International-Core-WinPE" processorArchitecture="%arch%" publicKeyToken="31bf3856ad364e35" language="neutral" versionScope="nonSxS" xmlns:wcm="http://schemas.microsoft.com/WMIConfig/2002/State" xmlns:xsi="http://www.w3.org/2001/XMLSchema-instance">
            <InputLocale>%locale%</InputLocale>
            <SystemLocale>%locale%</SystemLocale>
            <UILanguage>%locale%</UILanguage>
            <UserLocale>%locale%</UserLocale>
        </component>
        <component name="Microsoft-Windows-PnpCustomizationsWinPE" processorArchitecture="%arch%" publicKeyToken="31bf3856ad364e35" language="neutral" versionScope="nonSxS" xmlns:wcm="http://schemas.microsoft.com/WMIConfig/2002/State" xmlns:xsi="http://www.w3.org/2001/XMLSchema-instance">
            <DriverPaths>
                <PathAndCredentials wcm:action="add" wcm:keyValue="1">
                    <Path>X:\drivers</Path>
                </PathAndCredentials>
            </DriverPaths>
        </component>
    </settings>
    <settings pass="oobeSystem">
        <component name="Microsoft-Windows-Shell-Setup" processorArchitecture="%arch%" publicKeyToken="31bf3856ad364e35" language="neutral" versionScope="nonSxS" xmlns:wcm="http://schemas.microsoft.com/WMIConfig/2002/State" xmlns:xsi="http://www.w3.org/2001/XMLSchema-instance">
            <UserAccounts>
                <AdministratorPassword>
                    <Value>123@@@</Value>
                    <PlainText>true</PlainText>
                </AdministratorPassword>
            </UserAccounts>
            <OOBE>
                <HideEULAPage>true</HideEULAPage>
                <ProtectYourPC>3</ProtectYourPC>
                <SkipMachineOOBE>true</SkipMachineOOBE>
                <SkipUserOOBE>true</SkipUserOOBE>
            </OOBE>
            <TimeZone>China Standard Time</TimeZone>
        </component>
    </settings>
    <settings pass="specialize">
        <component name="Microsoft-Windows-Deployment" processorArchitecture="%arch%" publicKeyToken="31bf3856ad364e35" language="neutral" versionScope="nonSxS" xmlns:wcm="http://schemas.microsoft.com/WMIConfig/2002/State" xmlns:xsi="http://www.w3.org/2001/XMLSchema-instance">
            <RunSynchronous>
                <!-- aws和华为云都要求设置为从不关闭显示器
                https://docs.aws.amazon.com/zh_cn/AWSEC2/latest/WindowsGuide/migrating-latest-types.html
                https://support.huaweicloud.com/usermanual-ims/zh-cn_topic_0047501112.html -->
                <RunSynchronousCommand wcm:action="add">
                    <Order>1</Order>
                    <Path>powercfg /setacvalueindex 381b4222-f694-41f0-9685-ff5bb260df2e 7516b95f-f776-4464-8c53-06167f40cc99 3c0bc021-c8a8-4e07-a973-6b14cbcb2b7e 0</Path>
                </RunSynchronousCommand>
                <RunSynchronousCommand wcm:action="add">
                    <Order>2</Order>
                    <Path>powercfg /setacvalueindex 8c5e7fda-e8bf-4a96-9a85-a6e23a8c635c 7516b95f-f776-4464-8c53-06167f40cc99 3c0bc021-c8a8-4e07-a973-6b14cbcb2b7e 0</Path>
                </RunSynchronousCommand>
                <RunSynchronousCommand wcm:action="add">
                    <Order>3</Order>
                    <Path>powercfg /setacvalueindex a1841308-3541-4fab-bc81-f71556f20b4a 7516b95f-f776-4464-8c53-06167f40cc99 3c0bc021-c8a8-4e07-a973-6b14cbcb2b7e 0</Path>
                </RunSynchronousCommand>
                <!-- 启用 administrator 账户 -->
                <RunSynchronousCommand wcm:action="add">
                    <Order>4</Order>
                    <Path>net user Administrator /active:yes</Path>
                </RunSynchronousCommand>
                <!-- win7 在此阶段找不到网卡 -->
                <!-- <RunSynchronousCommand wcm:action="add">
                    <Order>5</Order>
                    <Path>cmd /c "if exist %SystemDrive%\windows-resize.bat (call %SystemDrive%\windows-resize.bat)"</Path>
                </RunSynchronousCommand>
                <RunSynchronousCommand wcm:action="add">
                    <Order>6</Order>
                    <Path>cmd /c "if exist %SystemDrive%\windows-set-netconf.bat (call %SystemDrive%\windows-set-netconf.bat)"</Path>
                </RunSynchronousCommand> -->
            </RunSynchronous>
        </component>
        <component name="Microsoft-Windows-TerminalServices-LocalSessionManager" processorArchitecture="%arch%" publicKeyToken="31bf3856ad364e35" language="neutral" versionScope="nonSxS" xmlns:wcm="http://schemas.microsoft.com/WMIConfig/2002/State" xmlns:xsi="http://www.w3.org/2001/XMLSchema-instance">
            <fDenyTSConnections>false</fDenyTSConnections>
        </component>
        <component name="Networking-MPSSVC-Svc" processorArchitecture="%arch%" publicKeyToken="31bf3856ad364e35" language="neutral" versionScope="nonSxS" xmlns:wcm="http://schemas.microsoft.com/WMIConfig/2002/State" xmlns:xsi="http://www.w3.org/2001/XMLSchema-instance">
            <FirewallGroups>
                <FirewallGroup wcm:action="add" wcm:keyValue="RemoteDesktop">
                    <Profile>all</Profile>
                    <Group>@FirewallAPI.dll,-28752</Group>
                    <Active>true</Active>
                </FirewallGroup>
            </FirewallGroups>
        </component>
        <component name="Microsoft-Windows-powercpl" processorArchitecture="%arch%" publicKeyToken="31bf3856ad364e35" language="neutral" versionScope="nonSxS" xmlns:wcm="http://schemas.microsoft.com/WMIConfig/2002/State" xmlns:xsi="http://www.w3.org/2001/XMLSchema-instance">
            <PreferredPlan>8c5e7fda-e8bf-4a96-9a85-a6e23a8c635c</PreferredPlan>
        </component>
    </settings>
</unattend>
